patch,categories...
0001-Setup-Gradle-project.patch,other
0002-Remap-fixes.patch,other
0003-Build-system-changes.patch,other
0004-Paper-config-files.patch,feat
0005-MC-Dev-fixes.patch,other
0006-CB-fixes.patch,spigot
0007-MC-Utils.patch,other
0008-Adventure.patch,api
0009-Paper-command.patch,feat
0010-Not-implemeneted.patch,other
0011-Paper-Metrics.patch,feat
0012-Timings-v2.patch,feat,spigot
0013-Add-command-line-option-to-load-extra-plugin-jars-no.patch,feat
0014-Configurable-cactus-bamboo-and-reed-growth-heights.patch,feat
0015-Configurable-baby-zombie-movement-speed.patch,feat
0016-Configurable-fishing-time-ranges.patch,feat
0017-Allow-nerfed-mobs-to-jump-and-take-water-damage.patch,feat
0018-Add-configurable-despawn-distances-for-living-entiti.patch,feat
0019-Allow-for-toggling-of-spawn-chunks.patch,feat
0021-Show-Paper-in-client-crashes-server-lists-and-Mojang.patch,feat
0022-Implement-Paper-VersionChecker.patch,feat
0023-Add-version-history-to-version-command.patch,feat
0024-Player-affects-spawning-API.patch,api
0025-Further-improve-server-tick-loop.patch,perf
0026-Only-refresh-abilities-if-needed.patch,api,perf
0027-Entity-Origin-API.patch,api
0028-Prevent-tile-entity-and-entity-crashes.patch,sec
0029-Configurable-top-of-nether-void-damage.patch,feat
0030-Check-online-mode-before-converting-and-renaming-pla.patch,spigot
0031-Always-tick-falling-blocks.patch,spigot
0032-Configurable-end-credits.patch,feat
0033-Fix-lag-from-explosions-processing-dead-entities.patch,perf,sec
0034-Optimize-explosions.patch,perf
0035-Disable-explosion-knockback.patch,feat
0036-Disable-thunder.patch,feat
0037-Disable-ice-and-snow.patch,feat
0038-Configurable-mob-spawner-tick-rate.patch,feat
0039-Implement-PlayerLocaleChangeEvent.patch,api
0040-Per-Player-View-Distance-API-placeholders.patch,api
0041-Add-BeaconEffectEvent.patch,api
0042-Configurable-container-update-tick-rate.patch,feat
0043-Use-UserCache-for-player-heads.patch,spigot
0044-Disable-spigot-tick-limiters.patch,spigot
0045-Add-PlayerInitialSpawnEvent.patch,api
0046-Configurable-Disabling-Cat-Chest-Detection.patch,feat
0047-Ensure-commands-are-not-ran-async.patch,spigot
0048-All-chunks-are-slime-spawn-chunks-toggle.patch,feat
0049-Expose-server-CommandMap.patch,api
0050-Be-a-bit-more-informative-in-maxHealth-exception.patch,spigot
0051-Ensure-inv-drag-is-in-bounds.patch,sec
0052-Player-Tab-List-and-Title-APIs.patch,api
0053-Add-configurable-portal-search-radius.patch,feat
0054-Add-velocity-warnings.patch,feat
0055-Configurable-inter-world-teleportation-safety.patch,feat
0056-Add-exception-reporting-event.patch,api
0057-Don-t-nest-if-we-don-t-need-to-when-cerealising-text.patch,api
0058-Disable-Scoreboards-for-non-players-by-default.patch,perf,feat
0059-Add-methods-for-working-with-arrows-stuck-in-living-.patch,api
0060-Chunk-Save-Reattempt.patch,feat,sec
0061-Complete-resource-pack-API.patch,api
0062-Default-loading-permissions.yml-before-plugins.patch,spigot
0063-Allow-Reloading-of-Custom-Permissions.patch,feat
0064-Remove-Metadata-on-reload.patch,spigot
0065-Handle-Item-Meta-Inconsistencies.patch,api,fix
0066-Configurable-Non-Player-Arrow-Despawn-Rate.patch,feat
0067-Add-World-Util-Methods.patch,feat
0068-Custom-replacement-for-eaten-items.patch,api
0069-handle-NaN-health-absorb-values-and-repair-bad-data.patch,fix,sec
0070-Use-a-Shared-Random-for-Entities.patch,perf,sec
0071-Configurable-spawn-chances-for-skeleton-horses.patch,feat
0072-Optimize-isInWorldBounds-and-getBlockState-for-inlin.patch,perf
0073-Only-process-BlockPhysicsEvent-if-a-plugin-has-a-lis.patch,api,perf
0074-Entity-AddTo-RemoveFrom-World-Events.patch,api
0075-Configurable-Chunk-Inhabited-Time.patch,feat
0076-EntityPathfindEvent.patch,api
0077-Sanitise-RegionFileCache-and-make-configurable.patch,perf,feat
0078-Do-not-load-chunks-for-Pathfinding.patch,fix
0079-Add-PlayerUseUnknownEntityEvent.patch,api
0080-Configurable-Grass-Spread-Tick-Rate.patch,feat
0081-Fix-Cancelling-BlockPlaceEvent-triggering-physics.patch,api,spigot
0082-Optimize-DataBits.patch,perf
0083-Option-to-use-vanilla-per-world-scoreboard-coloring-.patch,api,spigot
0084-Configurable-Player-Collision.patch,feat
0085-Add-handshake-event-to-allow-plugins-to-handle-clien.patch,api
0086-Configurable-RCON-IP-address.patch,feat
0087-EntityRegainHealthEvent-isFastRegen-API.patch,api
0088-Add-ability-to-configure-frosted_ice-properties.patch,feat
0089-remove-null-possibility-for-getServer-singleton.patch,spigot
0090-Improve-Maps-in-item-frames-performance-and-bug-fixe.patch,perf,fix
0091-LootTable-API-Replenishable-Lootables-Feature.patch,api
0092-Don-t-save-empty-scoreboard-teams-to-scoreboard.dat.patch,fix
0093-System-property-for-disabling-watchdoge.patch,feat
0094-Async-GameProfileCache-saving.patch,perf
0095-Optional-TNT-doesn-t-move-in-water.patch,feat
0096-Faster-redstone-torch-rapid-clock-removal.patch,perf
0097-Add-server-name-parameter.patch,feat
0098-Only-send-Dragon-Wither-Death-sounds-to-same-world.patch,feat
0099-Fix-Old-Sign-Conversion.patch,fix
0100-Avoid-blocking-on-Network-Manager-creation.patch,sec
0101-Don-t-lookup-game-profiles-that-have-no-UUID-and-no-.patch,perf,fix
0102-Add-setting-for-proxy-online-mode-status.patch,feat
0103-Optimise-BlockState-s-hashCode-equals.patch,perf
0104-Configurable-packet-in-spam-threshold.patch,perf,feat
0105-Configurable-flying-kick-messages.patch,feat
0106-Add-EntityZapEvent.patch,api
0107-Filter-bad-data-from-ArmorStand-and-SpawnEgg-items.patch,sec
0108-Cache-user-authenticator-threads.patch,perf
0109-Allow-Reloading-of-Command-Aliases.patch,api
0110-Add-source-to-PlayerExpChangeEvent.patch,api
0111-Add-ProjectileCollideEvent.patch,api
0112-Prevent-Pathfinding-out-of-World-Border.patch,fix
0113-Optimize-World.isLoaded-BlockPosition-Z.patch,perf
0114-Bound-Treasure-Maps-to-World-Border.patch,fix
0115-Configurable-Cartographer-Treasure-Maps.patch,feat
0116-Optimize-ItemStack.isEmpty.patch,perf
0117-Add-API-methods-to-control-if-armour-stands-can-move.patch,api
0118-String-based-Action-Bar-API.patch,api
0119-Properly-fix-item-duplication-bug.patch,sec
0120-Firework-API-s.patch,api
0121-PlayerTeleportEndGatewayEvent.patch,api
0122-Provide-E-TE-Chunk-count-stat-methods.patch,feat
0123-Enforce-Sync-Player-Saves.patch,fix,sec
0124-Don-t-allow-entities-to-ride-themselves-572.patch,fix,spigot
0125-ExperienceOrbs-API-for-Reason-Source-Triggering-play.patch,api
0126-Cap-Entity-Collisions.patch,perf,sec
0127-Remove-CraftScheduler-Async-Task-Debugger.patch,spigot
0128-Do-not-let-armorstands-drown.patch,perf
0129-Make-targetSize-more-aggressive-in-the-chunk-unload-.patch,perf
0130-Properly-handle-async-calls-to-restart-the-server.patch,fix,spigot
0131-Add-option-to-make-parrots-stay-on-shoulders-despite.patch,feat
0132-Add-configuration-option-to-prevent-player-names-fro.patch,feat
0133-Use-TerminalConsoleAppender-for-console-improvements.patch,feat
0134-provide-a-configurable-option-to-disable-creeper-lin.patch,feat
0135-Item-canEntityPickup.patch,api
0136-PlayerPickupItemEvent-setFlyAtPlayer.patch,api
0137-PlayerAttemptPickupItemEvent.patch,api
0138-Do-not-submit-profile-lookups-to-worldgen-threads.patch,perf,sec
0139-Add-UnknownCommandEvent.patch,api
0140-Basic-PlayerProfile-API.patch,api
0141-Shoulder-Entities-Release-API.patch,api
0142-Profile-Lookup-Events.patch,api
0143-Block-player-logins-during-server-shutdown.patch,sec,spigot
0144-Entity-fromMobSpawner.patch,api
0145-Improve-the-Saddle-API-for-Horses.patch,api
0146-Implement-ensureServerConversions-API.patch,api
0147-Implement-getI18NDisplayName.patch,api
0148-ProfileWhitelistVerifyEvent.patch,api
0149-Fix-this-stupid-bullshit.patch,spigot
0150-LivingEntity-setKiller.patch,api
0151-Ocelot-despawns-should-honor-nametags-and-leash.patch,fix
0152-Reset-spawner-timer-when-spawner-event-is-cancelled.patch,api
0153-Allow-specifying-a-custom-authentication-servers-dow.patch,feat
0154-Handle-plugin-prefixes-using-Log4J-configuration.patch,feat
0155-Improve-Log4J-Configuration-Plugin-Loggers.patch,feat
0156-Add-PlayerJumpEvent.patch,api
0157-handle-ServerboundKeepAlivePacket-async.patch,spigot
0158-Expose-client-protocol-version-and-virtual-host.patch,api
0159-revert-serverside-behavior-of-keepalives.patch,perf,feat
0160-Send-attack-SoundEffects-only-to-players-who-can-see.patch,api
0161-Add-PlayerArmorChangeEvent.patch,api
0162-Prevent-logins-from-being-processed-when-the-player-.patch,perf
0163-Fix-MC-117075-TE-Unload-Lag-Spike.patch,perf,fix,sec
0164-use-CB-BlockState-implementations-for-captured-block.patch,api
0165-API-to-get-a-BlockState-without-a-snapshot.patch,api
0166-AsyncTabCompleteEvent.patch,api
0167-PlayerPickupExperienceEvent.patch,api
0168-Ability-to-apply-mending-to-XP-API.patch,api
0169-PlayerNaturallySpawnCreaturesEvent.patch,api
0170-Add-setPlayerProfile-API-for-Skulls.patch,api
0171-PreCreatureSpawnEvent.patch,api
0172-Fill-Profile-Property-Events.patch,api
0173-PlayerAdvancementCriterionGrantEvent.patch,api
0174-Add-ArmorStand-Item-Meta.patch,api
0175-Extend-Player-Interact-cancellation.patch,api
0176-Tameable-getOwnerUniqueId-API.patch,api
0177-Toggleable-player-crits-helps-mitigate-hacked-client.patch,feat,sec
0178-Disable-Explicit-Network-Manager-Flushing.patch,perf,feat
0179-Implement-extended-PaperServerListPingEvent.patch,api
0180-Ability-to-change-PlayerProfile-in-AsyncPreLoginEven.patch,api
0181-Player.setPlayerProfile-API.patch,api
0182-getPlayerUniqueId-API.patch,api
0183-Improved-Async-Task-Scheduler.patch,perf,spigot
0184-Make-legacy-ping-handler-more-reliable.patch,fix
0185-Call-PaperServerListPingEvent-for-legacy-pings.patch,api
0186-Flag-to-disable-the-channel-limit.patch,feat
0187-Add-openSign-method-to-HumanEntity.patch,api
0188-Configurable-sprint-interruption-on-attack.patch,feat
0189-Fix-exploit-that-allowed-colored-signs-to-be-created.patch,sec
0190-EndermanEscapeEvent.patch,api
0191-Enderman.teleportRandomly.patch,api
0192-Block-Enderpearl-Travel-Exploit.patch,fix
0193-Expand-World.spawnParticle-API-and-add-Builder.patch,api
0194-Prevent-Frosted-Ice-from-loading-holding-chunks.patch,perf,sec
0195-EndermanAttackPlayerEvent.patch,api
0196-WitchConsumePotionEvent.patch,api
0197-WitchThrowPotionEvent.patch,api
0198-Allow-spawning-Item-entities-with-World.spawnEntity.patch,api
0199-WitchReadyPotionEvent.patch,api
0200-ItemStack-getMaxItemUseDuration.patch,api
0201-Implement-EntityTeleportEndGatewayEvent.patch,api
0202-Unset-Ignited-flag-on-cancel-of-Explosion-Event.patch,api
0203-Fix-CraftEntity-hashCode.patch,spigot
0204-Configurable-Alternative-LootPool-Luck-Formula.patch,feat
0205-Print-Error-details-when-failing-to-save-player-data.patch,fix,feat
0206-Make-shield-blocking-delay-configurable.patch,feat
0207-Improve-EntityShootBowEvent.patch,api
0208-PlayerReadyArrowEvent.patch,api
0209-Implement-EntityKnockbackByEntityEvent.patch,api
0210-Expand-Explosions-API.patch,api
0211-LivingEntity-Hand-Raised-Item-Use-API.patch,api
0212-RangedEntity-API.patch,api
0213-Add-config-to-disable-ender-dragon-legacy-check.patch,perf,feat
0214-Implement-World.getEntity-UUID-API.patch,api
0215-InventoryCloseEvent-Reason-API.patch,api
0216-Vex-get-setSummoner-API.patch,api
0217-Refresh-player-inventory-when-cancelling-PlayerInter.patch,api
0218-Use-AsyncAppender-to-keep-logging-IO-off-main-thread.patch,perf,sec
0219-add-more-information-to-Entity.toString.patch,feat
0220-Add-CraftMagicNumbers.isSupportedApiVersion.patch,api
0221-EnderDragon-Events.patch,api
0222-PlayerElytraBoostEvent.patch,api
0223-PlayerLaunchProjectileEvent.patch,api
0224-Improve-BlockPosition-inlining.patch,perf
0225-Option-to-prevent-armor-stands-from-doing-entity-loo.patch,perf,feat
0226-Vanished-players-don-t-have-rights.patch,fix
0227-Allow-disabling-armour-stand-ticking.patch,perf,feat
0228-SkeletonHorse-Additions.patch,api
0229-Don-t-call-getItemMeta-on-hasItemMeta.patch,spigot
0230-Implement-Expanded-ArmorStand-API.patch,api
0231-AnvilDamageEvent.patch,api
0232-Add-hand-to-bucket-events.patch,api
0233-Add-TNTPrimeEvent.patch,api
0234-Break-up-and-make-tab-spam-limits-configurable.patch,sec,spigot
0235-MC-135506-Experience-should-save-as-Integers.patch,fix
0236-Remove-unnecessary-itemmeta-handling.patch,spigot
0237-Add-Debug-Entities-option-to-debug-dupe-uuid-issues.patch,feat
0238-Add-Early-Warning-Feature-to-WatchDog.patch,feat
0239-Use-ConcurrentHashMap-in-JsonList.patch,fix,sec
0240-Use-a-Queue-for-Queueing-Commands.patch,perf
0241-Ability-to-get-Tile-Entities-from-a-chunk-without-sn.patch,perf,spigot
0242-Optimize-BlockPosition-helper-methods.patch,perf
0243-Restore-vanilla-default-mob-spawn-range-and-water-an.patch,spigot
0244-Slime-Pathfinder-Events.patch,api
0245-Configurable-speed-for-water-flowing-over-lava.patch,feat
0246-Optimize-CraftBlockData-Creation.patch,perf,spigot
0247-Optimize-MappedRegistry.patch,perf
0248-Add-PhantomPreSpawnEvent.patch,api
0249-Add-More-Creeper-API.patch,api
0250-Inventory-removeItemAnySlot.patch,api
0251-Make-CraftWorld-loadChunk-int-int-false-load-unconve.patch,spigot
0252-Asynchronous-chunk-IO-and-loading.patch,perf
0253-Add-ray-tracing-methods-to-LivingEntity.patch,api
0254-Expose-attack-cooldown-methods-for-Player.patch,api
0255-Improve-death-events.patch,api
0256-Allow-chests-to-be-placed-with-NBT-data.patch,feat
0257-Mob-Pathfinding-API.patch,api
0258-Implement-an-API-for-CanPlaceOn-and-CanDestroy-NBT-v.patch,api
0259-Prevent-chunk-loading-from-Fluid-Flowing.patch,fix
0260-Prevent-Mob-AI-Rules-from-Loading-Chunks.patch,fix
0261-Prevent-mob-spawning-from-loading-generating-chunks.patch,fix
0262-Implement-furnace-cook-speed-multiplier-API.patch,api
0263-Catch-JsonParseException-in-Entity-and-TE-names.patch,sec
0264-Honor-EntityAgeable.ageLock.patch,fix
0265-Configurable-connection-throttle-kick-message.patch,feat
0266-Hook-into-CB-plugin-rewrites.patch,feat
0267-PreSpawnerSpawnEvent.patch,api
0268-Add-LivingEntity-getTargetEntity.patch,api
0269-Add-sun-related-API.patch,api
0270-Turtle-API.patch,api
0271-Call-player-spectator-target-events-and-improve-impl.patch,api
0272-MC-50319-Check-other-worlds-for-shooter-of-projectil.patch,fix
0273-Add-more-Witch-API.patch,api
0274-Check-Drowned-for-Villager-Aggression-Config.patch,feat
0275-Add-option-to-prevent-players-from-moving-into-unloa.patch,feat,sec
0276-Reset-players-airTicks-on-respawn.patch,fix
0277-Don-t-sleep-after-profile-lookups-if-not-needed.patch,fix,sec
0278-Improve-Server-Thread-Pool-and-Thread-Priorities.patch,perf
0279-Optimize-World-Time-Updates.patch,perf
0280-Restore-custom-InventoryHolder-support.patch,spigot
0281-Use-Vanilla-Minecart-Speeds.patch,spigot
0282-Fix-SpongeAbsortEvent-handling.patch,api
0283-Don-t-allow-digging-into-unloaded-chunks.patch,sec
0284-Make-the-default-permission-message-configurable.patch,feat
0285-Prevent-rayTrace-from-loading-chunks.patch,perf
0286-Handle-Large-Packets-disconnecting-client.patch,sec
0287-force-entity-dismount-during-teleportation.patch,sec
0288-Add-more-Zombie-API.patch,api
0289-Book-Size-Limits.patch,sec
0290-Add-PlayerConnectionCloseEvent.patch,api
0291-Prevent-Enderman-from-loading-chunks.patch,fix
0292-Add-APIs-to-replace-OfflinePlayer-getLastPlayed.patch,api
0293-Workaround-for-vehicle-tracking-issue-on-disconnect.patch,fix
0294-Block-Entity-remove-from-being-called-on-Players.patch,fix
0295-BlockDestroyEvent.patch,api
0296-Async-command-map-building.patch,perf
0297-Implement-Brigadier-Mojang-API.patch,api
0298-Fix-Custom-Shapeless-Custom-Crafting-Recipes.patch,api
0299-Limit-Client-Sign-length-more.patch,sec
0300-Don-t-check-ConvertSigns-boolean-every-sign-save.patch,spigot
0301-Optimize-Network-Manager-and-add-advanced-packet-sup.patch,perf,sec
0302-Handle-Oversized-Tile-Entities-in-chunks.patch,fix,sec
0303-Set-Zombie-last-tick-at-start-of-drowning-process.patch,fix,sec
0304-Call-WhitelistToggleEvent-when-whitelist-is-toggled.patch,api
0305-Entity-getEntitySpawnReason.patch,api
0306-Update-entity-Metadata-for-all-tracked-players.patch,fix
0307-Fire-event-on-GS4-query.patch,api
0308-Implement-PlayerPostRespawnEvent.patch,api
0309-don-t-go-below-0-for-pickupDelay-breaks-picking-up-i.patch,fix
0310-Server-Tick-Events.patch,api
0311-PlayerDeathEvent-getItemsToKeep.patch,api
0312-Optimize-Captured-TileEntity-Lookup.patch,perf,spigot
0313-Add-Heightmap-API.patch,api
0314-Mob-Spawner-API-Enhancements.patch,api
0315-Fix-CB-call-to-changed-postToMainThread-method.patch,spigot
0316-Fix-sounds-when-item-frames-are-modified-MC-123450.patch,fix
0317-Fix-CraftServer-isPrimaryThread-and-MinecraftServer-.patch,spigot
0318-Implement-CraftBlockSoundGroup.patch,api
0319-Configurable-Keep-Spawn-Loaded-range-per-world.patch,feat
0320-ChunkMapDistance-CME.patch,sec
0321-Chunk-debug-command.patch,feat
0322-Allow-Saving-of-Oversized-Chunks.patch,sec
0323-Expose-the-internal-current-tick.patch,api
0324-Fix-World-isChunkGenerated-calls.patch,perf,fix,sec
0325-Show-blockstate-location-if-we-failed-to-read-it.patch,spigot
0326-Only-count-Natural-Spawned-mobs-towards-natural-spaw.patch,fix
0327-Configurable-projectile-relative-velocity.patch,feat
0328-offset-item-frame-ticking.patch,perf,feat
0329-Fix-MC-158900.patch,fix,sec
0330-Prevent-consuming-the-wrong-itemstack.patch,fix
0331-Dont-send-unnecessary-sign-update.patch,fix,sec
0332-Add-option-to-disable-pillager-patrols.patch,feat
0333-Fix-AssertionError-when-player-hand-set-to-empty-typ.patch,api
0334-Flat-bedrock-generator-settings.patch,feat
0335-Prevent-sync-chunk-loads-when-villagers-try-to-find-.patch,perf,fix
0336-MC-145656-Fix-Follow-Range-Initial-Target.patch,fix
0337-Duplicate-UUID-Resolve-Option.patch,fix,feat
0338-Optimize-Hoppers.patch,perf
0339-PlayerDeathEvent-shouldDropExperience.patch,api
0340-Prevent-bees-loading-chunks-checking-hive-position.patch,fix
0341-Don-t-load-Chunks-from-Hoppers-and-other-things.patch,fix
0342-Guard-against-serializing-mismatching-chunk-coordina.patch,feat,sec
0343-Optimise-IEntityAccess-getPlayerByUUID.patch,perf
0344-Fix-items-not-falling-correctly.patch,perf,feat
0345-Lag-compensate-eating.patch,fix,feat
0346-Optimize-call-to-getFluid-for-explosions.patch,perf
0347-Fix-last-firework-in-stack-not-having-effects-when-d.patch,fix,spigot
0348-Add-effect-to-block-break-naturally.patch,api
0349-Entity-Activation-Range-2.0.patch,fix,feat
0350-Increase-Light-Queue-Size.patch,fix,feat
0351-Fix-Light-Command.patch,feat
0352-Anti-Xray.patch,feat,sec
0353-Implement-alternative-item-despawn-rate.patch,feat
0354-Tracking-Range-Improvements.patch,feat
0355-Fix-items-vanishing-through-end-portal.patch,fix
0356-implement-optional-per-player-mob-spawns.patch,feat
0357-Avoid-hopper-searches-if-there-are-no-items.patch,perf,fix
0358-Bees-get-gravity-in-void.-Fixes-MC-167279.patch,fix
0359-Optimise-getChunkAt-calls-for-loaded-chunks.patch,perf
0360-Add-debug-for-sync-chunk-loads.patch,feat
0361-Remove-garbage-Java-version-check.patch,spigot
0362-Add-ThrownEggHatchEvent.patch,api
0363-Entity-Jump-API.patch,api
0364-Add-option-to-nerf-pigmen-from-nether-portals.patch,feat
0365-Make-the-GUI-graph-fancier.patch,feat
0366-add-hand-to-BlockMultiPlaceEvent.patch,api
0367-Validate-tripwire-hook-placement-before-update.patch,fix,sec
0368-Add-option-to-allow-iron-golems-to-spawn-in-air.patch,feat
0369-Configurable-chance-of-villager-zombie-infection.patch,feat
0370-Optimise-Chunk-getFluid.patch,perf
0371-Set-spigots-verbose-world-setting-to-false-by-def.patch,spigot
0372-Add-tick-times-API-and-mspt-command.patch,api,feat
0373-Expose-MinecraftServer-isRunning.patch,api
0374-Add-Raw-Byte-ItemStack-Serialization.patch,feat,spigot
0375-Pillager-patrol-spawn-settings-and-per-player-option.patch,feat
0376-Remote-Connections-shouldn-t-hold-up-shutdown.patch,fix,sec
0377-Do-not-allow-bees-to-load-chunks-for-beehives.patch,fix
0378-Prevent-Double-PlayerChunkMap-adds-crashing-server.patch,sec
0379-Don-t-tick-dead-players.patch,fix
0380-Dead-Player-s-shouldn-t-be-able-to-move.patch,sec
0381-Optimize-Collision-to-not-load-chunks.patch,perf
0382-Don-t-move-existing-players-to-world-spawn.patch,perf,fix
0383-Optimize-GoalSelector-Goal.Flag-Set-operations.patch,perf
0384-Improved-Watchdog-Support.patch,feat
0385-Optimize-Pathfinding.patch,perf
0386-Reduce-Either-Optional-allocation.patch,perf
0387-Reduce-memory-footprint-of-NBTTagCompound.patch,perf
0388-Prevent-opening-inventories-when-frozen.patch,sec
0389-Optimise-ArraySetSorted-removeIf.patch,perf
0390-Don-t-run-entity-collision-code-if-not-needed.patch,perf
0391-Implement-Player-Client-Options-API.patch,api
0392-Don-t-crash-if-player-is-attempted-to-be-removed-fro.patch,sec
0393-Fix-Chunk-Post-Processing-deadlock-risk.patch,sec
0394-Fix-Longstanding-Broken-behavior-of-PlayerJoinEvent.patch,api,spigot
0395-Load-Chunks-for-Login-Asynchronously.patch,perf
0396-Move-player-to-spawn-point-if-spawn-in-unloaded-worl.patch,fix
0397-Add-PlayerAttackEntityCooldownResetEvent.patch,api
0398-Don-t-fire-BlockFade-on-worldgen-threads.patch,api,sec
0399-Add-phantom-creative-and-insomniac-controls.patch,feat
0400-Fix-numerous-item-duplication-issues-and-teleport-is.patch,sec
0401-Villager-Restocks-API.patch,api
0402-Validate-PickItem-Packet-and-kick-for-invalid.patch,sec
0403-Expose-game-version.patch,api
0404-Optimize-Voxel-Shape-Merging.patch,perf
0405-Set-cap-on-JDK-per-thread-native-byte-buffer-cache.patch,perf
0406-misc-debugging-dumps.patch,feat
0407-Prevent-teleporting-dead-entities.patch,sec
0408-Deobfuscate-stacktraces-in-log-messages-crash-report.patch,feat
0409-Implement-Mob-Goal-API.patch,api
0410-Add-villager-reputation-API.patch,api
0411-Option-for-maximum-exp-value-when-merging-orbs.patch,feat
0412-ExperienceOrbMergeEvent.patch,api
0413-Fix-PotionEffect-ignores-icon-flag.patch,api
0414-Optimize-brigadier-child-sorting-performance.patch,perf
0415-Potential-bed-API.patch,api
0416-Wait-for-Async-Tasks-during-shutdown.patch,fix
0417-Ensure-EntityRaider-respects-game-and-entity-rules-f.patch,fix
0418-Protect-Bedrock-and-End-Portal-Frames-from-being-des.patch,fix
0419-Reduce-MutableInt-allocations-from-light-engine.patch,perf
0420-Reduce-allocation-of-Vec3D-by-entity-tracker.patch,perf
0421-Ensure-safe-gateway-teleport.patch,fix,sec
0422-Add-option-for-console-having-all-permissions.patch,feat
0423-Optimize-anyPlayerCloseEnoughForSpawning-to-use-dist.patch,perf
0424-Use-distance-map-to-optimise-entity-tracker.patch,perf
0425-Optimize-ServerLevels-chunk-level-checking-methods.patch,perf
0426-Delay-Chunk-Unloads-based-on-Player-Movement.patch,perf
0427-Fix-villager-trading-demand-MC-163962.patch,fix
0428-Maps-shouldn-t-load-chunks.patch,fix
0429-Use-seed-based-lookup-for-Treasure-Maps-Fixes-lag-fr.patch,perf
0430-Fix-CraftScheduler-runTaskTimerAsynchronously-Plugin.patch,fix,spigot
0431-Fix-piston-physics-inconsistency-MC-188840.patch,fix,sec
0432-Fix-sand-duping.patch,fix,sec
0433-Fix-missing-chunks-due-to-integer-overflow.patch,fix
0434-Prevent-position-desync-in-playerconnection-causing-.patch,sec
0435-Inventory-getHolder-method-without-block-snapshot.patch,api
0436-Improve-Arrow-API.patch,api
0437-Add-and-implement-PlayerRecipeBookClickEvent.patch,api
0438-Hide-sync-chunk-writes-behind-flag.patch,perf,fix
0439-Add-permission-for-command-blocks.patch,feat
0440-Ensure-Entity-AABB-s-are-never-invalid.patch,fix
0441-Fix-Per-World-Difficulty-Remembering-Difficulty.patch,fix,spigot
0442-Paper-dumpitem-command.patch,feat
0443-Don-t-allow-null-UUID-s-for-chat.patch,sec
0444-Improve-Legacy-Component-serialization-size.patch,perf,fix
0445-Optimize-Bit-Operations-by-inlining.patch,perf
0446-Add-Plugin-Tickets-to-API-Chunk-Methods.patch,api
0447-incremental-chunk-and-player-saving.patch,feat
0448-Stop-copy-on-write-operations-for-updating-light-dat.patch,fix,sec
0449-Support-old-UUID-format-for-NBT.patch,fix
0450-Clean-up-duplicated-GameProfile-Properties.patch,fix
0451-Convert-legacy-attributes-in-Item-Meta.patch,fix,spigot
0452-Remove-some-streams-from-structures.patch,perf
0453-Remove-streams-from-classes-related-villager-gossip.patch,perf
0454-Support-components-in-ItemMeta.patch,api
0455-Improve-EntityTargetLivingEntityEvent-for-1.16-mobs.patch,api
0456-Add-entity-liquid-API.patch,api
0457-Update-itemstack-legacy-name-and-lore.patch,fix
0458-Spawn-player-in-correct-world-on-login.patch,fix,spigot
0459-Add-PrepareResultEvent.patch,api
0460-Don-t-check-chunk-for-portal-on-world-gen-entity-add.patch,fix
0461-Implement-Chunk-Priority-Urgency-System-for-Chunks.patch,perf
0462-Optimize-NetworkManager-Exception-Handling.patch,perf
0463-Optimize-the-advancement-data-player-iteration-to-be.patch,perf
0464-Fix-arrows-never-despawning-MC-125757.patch,perf,fix,sec
0465-Thread-Safe-Vanilla-Command-permission-checking.patch,fix,sec
0466-Fix-SPIGOT-5989.patch,api,fix,spigot
0467-Fix-SPIGOT-5824-Bukkit-world-container-is-not-used.patch,fix,spigot
0468-Fix-SPIGOT-5885-Unable-to-disable-advancements.patch,fix,spigot
0469-Fix-AdvancementDataPlayer-leak-due-from-quitting-ear.patch,fix,sec
0470-Add-missing-strikeLighting-call-to-World-spigot-stri.patch,fix,spigot
0471-Fix-some-rails-connecting-improperly.patch,fix
0472-Fix-regex-mistake-in-CB-NBT-int-deserialization.patch,fix,spigot
0473-Do-not-let-the-server-load-chunks-from-newer-version.patch,fix
0474-Brand-support.patch,api
0475-Add-setMaxPlayers-API.patch,api
0476-Add-playPickupItemAnimation-to-LivingEntity.patch,api
0477-Don-t-require-FACING-data.patch,sec
0478-Fix-SpawnChangeEvent-not-firing-for-all-use-cases.patch,api
0479-Add-moon-phase-API.patch,api
0480-Improve-Chunk-Status-Transition-Speed.patch,perf
0481-Prevent-headless-pistons-from-being-created.patch,fix
0482-Add-BellRingEvent.patch,api
0483-Add-zombie-targets-turtle-egg-config.patch,feat
0484-Buffer-joins-to-world.patch,fix,sec
0485-Eigencraft-redstone-implementation.patch,perf
0486-Fix-hex-colors-not-working-in-some-kick-messages.patch,fix
0487-PortalCreateEvent-needs-to-know-its-entity.patch,api
0488-Fix-CraftTeam-null-check.patch,fix,spigot
0489-Add-more-Evoker-API.patch,api
0490-Add-methods-to-get-translation-keys.patch,api
0491-Create-HoverEvent-from-ItemStack-Entity.patch,api
0492-Cache-block-data-strings.patch,perf
0493-Fix-Entity-Teleportation-and-cancel-velocity-if-tele.patch,fix
0494-Add-additional-open-container-api-to-HumanEntity.patch,api
0495-Cache-DataFixerUpper-Rewrite-Rules-on-demand.patch,perf
0496-Extend-block-drop-capture-to-capture-all-items-added.patch,api
0497-Don-t-mark-dirty-in-invalid-locations-SPIGOT-6086.patch,fix
0498-Expose-the-Entity-Counter-to-allow-plugins-to-use-va.patch,api
0499-Lazily-track-plugin-scoreboards-by-default.patch,api
0500-Entity-isTicking.patch,api
0501-Fix-deop-kicking-non-whitelisted-player-when-white-l.patch,fix
0502-Fix-Concurrency-issue-in-ShufflingList.patch,sec
0503-Reset-Ender-Crystals-on-Dragon-Spawn.patch,sec
0504-Fix-for-large-move-vectors-crashing-server.patch,sec
0505-Optimise-getType-calls.patch,perf
0506-Villager-resetOffers.patch,api
0507-Improve-inlinig-for-some-hot-IBlockData-methods.patch,perf
0508-Retain-block-place-order-when-capturing-blockstates.patch,api
0509-Reduce-blockpos-allocation-from-pathfinding.patch,perf
0510-Fix-item-locations-dropped-from-campfires.patch,fix
0511-Player-elytra-boost-API.patch,api
0512-Fixed-TileEntityBell-memory-leak.patch,fix,sec
0513-Avoid-error-bubbling-up-when-item-stack-is-empty-in-.patch,fix
0514-Add-getOfflinePlayerIfCached-String.patch,api
0515-Add-ignore-discounts-API.patch,api
0516-Toggle-for-removing-existing-dragon.patch,feat
0517-Fix-client-lag-on-advancement-loading.patch,fix
0518-Item-no-age-no-player-pickup.patch,api
0519-Optimize-Pathfinder-Remove-Streams-Optimized-collect.patch,perf
0520-Beacon-API-custom-effect-ranges.patch,api
0521-Add-API-for-quit-reason.patch,api
0522-Add-Wandering-Trader-spawn-rate-config-options.patch,feat
0523-Expose-world-spawn-angle.patch,api
0524-Add-Destroy-Speed-API.patch,api
0525-Fix-Player-spawnParticle-x-y-z-precision-loss.patch,fix,spigot
0526-Add-LivingEntity-clearActiveItem.patch,api
0527-Add-PlayerItemCooldownEvent.patch,api
0528-Significantly-improve-performance-of-the-end-generat.patch,perf
0529-More-lightning-API.patch,api
0530-Climbing-should-not-bypass-cramming-gamerule.patch,fix
0531-Added-missing-default-perms-for-commands.patch,fix,spigot
0532-Add-PlayerShearBlockEvent.patch,api
0533-Fix-curing-zombie-villager-discount-exploit.patch,sec
0534-Limit-recipe-packets.patch,sec
0535-Fix-CraftSound-backwards-compatibility.patch,fix,spigot
0536-Player-Chunk-Load-Unload-Events.patch,api
0537-Optimize-Dynamic-get-Missing-Keys.patch,perf
0538-Expose-LivingEntity-hurt-direction.patch,api
0539-Add-OBSTRUCTED-reason-to-BedEnterResult.patch,api
0540-Do-not-crash-from-invalid-ingredient-lists-in-Villag.patch,api
0541-Add-PlayerTradeEvent-and-PlayerPurchaseEvent.patch,api
0542-Implement-TargetHitEvent.patch,api
0543-MC-4-Fix-item-position-desync.patch,fix
0544-Additional-Block-Material-API-s.patch,api
0545-Fix-harming-potion-dupe.patch,sec
0546-Implement-API-to-get-Material-from-Boats-and-Minecar.patch,api
0547-Cache-burn-durations.patch,perf
0548-Allow-disabling-mob-spawner-spawn-egg-transformation.patch,feat
0549-Fix-Not-a-string-Map-Conversion-spam.patch,spigot
0550-Implement-PlayerFlowerPotManipulateEvent.patch,api
0551-Fix-interact-event-not-being-called-in-adventure.patch,api
0552-Zombie-API-breaking-doors.patch,api
0553-Fix-nerfed-slime-when-splitting.patch,fix
0554-Add-EntityLoadCrossbowEvent.patch,api
0555-Guardian-beam-workaround.patch,fix
0556-Added-WorldGameRuleChangeEvent.patch,api
0557-Added-ServerResourcesReloadedEvent.patch,api
0558-Added-world-settings-for-mobs-picking-up-loot.patch,feat
0559-Implemented-BlockFailedDispenseEvent.patch,api
0560-Added-PlayerLecternPageChangeEvent.patch,api
0561-Added-PlayerLoomPatternSelectEvent.patch,api
0562-Configurable-door-breaking-difficulty.patch,feat
0563-Empty-commands-shall-not-be-dispatched.patch,sec
0564-Implement-API-to-expose-exact-interaction-point.patch,api
0565-Remove-stale-POIs.patch,fix
0566-Fix-villager-boat-exploit.patch,sec
0567-Add-sendOpLevel-API.patch,api
0568-Add-PaperRegistry.patch,api
0569-Add-StructuresLocateEvent.patch,api
0570-Collision-option-for-requiring-a-player-participant.patch,feat
0571-Remove-ProjectileHitEvent-call-when-fireballs-dead.patch,api
0572-Return-chat-component-with-empty-text-instead-of-thr.patch,fix
0573-Make-schedule-command-per-world.patch,fix,spigot
0574-Configurable-max-leash-distance.patch,feat
0575-Implement-BlockPreDispenseEvent.patch,api
0576-Added-firing-of-PlayerChangeBeaconEffectEvent.patch,api
0577-Add-toggle-for-always-placing-the-dragon-egg.patch,feat
0578-Added-PlayerStonecutterRecipeSelectEvent.patch,api
0579-Add-dropLeash-variable-to-EntityUnleashEvent.patch,api
0580-Reset-shield-blocking-on-dimension-change.patch,fix
0581-add-DragonEggFormEvent.patch,api
0582-EntityMoveEvent.patch,api
0583-added-option-to-disable-pathfinding-updates-on-block.patch,feat
0584-Inline-shift-direction-fields.patch,perf
0585-Allow-adding-items-to-BlockDropItemEvent.patch,api
0586-Add-getMainThreadExecutor-to-BukkitScheduler.patch,api
0587-living-entity-allow-attribute-registration.patch,api
0588-fix-dead-slime-setSize-invincibility.patch,fix
0589-Merchant-getRecipes-should-return-an-immutable-list.patch,fix,spigot
0590-Add-support-for-hex-color-codes-in-console.patch,feat
0591-Expose-Tracked-Players.patch,api
0592-Remove-streams-from-SensorNearest.patch,perf
0593-Throw-proper-exception-on-empty-JsonList-file.patch,fix
0594-Improve-ServerGUI.patch,feat
0595-stop-firing-pressure-plate-EntityInteractEvent-for-i.patch,api
0596-fix-converting-txt-to-json-file.patch,fix
0597-Add-worldborder-events.patch,api
0598-added-PlayerNameEntityEvent.patch,api
0599-Prevent-grindstones-from-overstacking-items.patch,sec
0600-Add-recipe-to-cook-events.patch,api
0601-Add-Block-isValidTool.patch,api
0602-Allow-using-signs-inside-spawn-protection.patch,feat
0603-Expand-world-key-API.patch,api
0604-Add-fast-alternative-constructor-for-Rotations.patch,perf
0605-Item-Rarity-API.patch,api
0606-Only-set-despawnTimer-for-Wandering-Traders-spawned-.patch,fix,spigot
0607-copy-TESign-isEditable-from-snapshots.patch,fix,spigot
0608-Drop-carried-item-when-player-has-disconnected.patch,api,fix
0609-forced-whitelist-use-configurable-kick-message.patch,feat
0610-Don-t-ignore-result-of-PlayerEditBookEvent.patch,api
0611-Entity-load-save-limit-per-chunk.patch,feat
0612-Expose-protocol-version.patch,api
0613-Enhance-console-tab-completions-for-brigadier-comman.patch,feat
0614-Fix-PlayerItemConsumeEvent-cancelling-properly.patch,api
0615-Add-bypass-host-check.patch,feat
0616-Set-area-affect-cloud-rotation.patch,api
0617-add-isDeeplySleeping-to-HumanEntity.patch,api
0618-add-consumeFuel-to-FurnaceBurnEvent.patch,api
0619-add-get-set-drop-chance-to-EntityEquipment.patch,api
0620-fix-PigZombieAngerEvent-cancellation.patch,api
0621-Fix-checkReach-check-for-Shulker-boxes.patch,fix,sec
0622-fix-PlayerItemHeldEvent-firing-twice.patch,api
0623-Added-PlayerDeepSleepEvent.patch,api
0624-More-World-API.patch,api
0625-Added-PlayerBedFailEnterEvent.patch,api
0626-Implement-methods-to-convert-between-Component-and-B.patch,api
0627-Fix-anchor-respawn-acting-as-a-bed-respawn-from-the-.patch,api
0628-Introduce-beacon-activation-deactivation-events.patch,api
0629-add-RespawnFlags-to-PlayerRespawnEvent.patch,api
0630-Add-Channel-initialization-listeners.patch,api
0631-Send-empty-commands-if-tab-completion-is-disabled.patch,feat
0632-Add-more-WanderingTrader-API.patch,api
0633-Add-EntityBlockStorage-clearEntities.patch,api
0634-Add-Adventure-message-to-PlayerAdvancementDoneEvent.patch,api
0635-Add-raw-address-to-AsyncPlayerPreLoginEvent.patch,api
0636-Inventory-close.patch,api
0637-call-PortalCreateEvent-players-and-end-platform.patch,api
0638-Add-a-should-burn-in-sunlight-API-for-Phantoms-and-S.patch,api
0639-Fix-CraftPotionBrewer-cache.patch,spigot
0640-Add-basic-Datapack-API.patch,api
0641-Add-environment-variable-to-disable-server-gui.patch,feat
0642-additions-to-PlayerGameModeChangeEvent.patch,api
0643-ItemStack-repair-check-API.patch,api
0644-More-Enchantment-API.patch,api
0645-Move-range-check-for-block-placing-up.patch,sec
0646-Fix-and-optimise-world-force-upgrading.patch,spigot
0647-Add-Mob-lookAt-API.patch,api
0648-Add-Unix-domain-socket-support.patch,feat
0649-Add-EntityInsideBlockEvent.patch,api
0650-Attributes-API-for-item-defaults.patch,api
0651-Add-cause-to-Weather-ThunderChangeEvents.patch,api
0652-More-Lidded-Block-API.patch,api
0653-Limit-item-frame-cursors-on-maps.patch,feat
0654-Add-PlayerKickEvent-causes.patch,api
0655-Add-PufferFishStateChangeEvent.patch,api
0656-Fix-PlayerBucketEmptyEvent-result-itemstack.patch,api
0657-Synchronize-PalettedContainer-instead-of-ThreadingDe.patch,perf,sec
0658-Add-option-to-fix-items-merging-through-walls.patch,feat
0659-Add-BellRevealRaiderEvent.patch,api
0660-Fix-invulnerable-end-crystals.patch,fix
0661-Add-ElderGuardianAppearanceEvent.patch,api
0662-Fix-dangerous-end-portal-logic.patch,sec
0663-Optimize-Biome-Mob-Lookups-for-Mob-Spawning.patch,perf
0664-Make-item-validations-configurable.patch,feat,sec
0665-Line-Of-Sight-Changes.patch,api
0666-add-per-world-spawn-limits.patch,feat
0667-Fix-PotionSplashEvent-for-water-splash-potions.patch,api
0668-Add-more-LimitedRegion-API.patch,api
0669-Fix-PlayerDropItemEvent-using-wrong-item.patch,api
0670-Missing-Entity-Behavior-API.patch,api
0671-Ensure-disconnect-for-book-edit-is-called-on-main.patch,fix,sec,spigot
0672-Fix-return-value-of-Block-applyBoneMeal-always-being.patch,api
0673-Use-getChunkIfLoadedImmediately-in-places.patch,fix
0674-Fix-commands-from-signs-not-firing-command-events.patch,api
0675-Adds-PlayerArmSwingEvent.patch,api
0676-Fixes-kick-event-leave-message-not-being-sent.patch,api
0677-Add-config-for-mobs-immune-to-default-effects.patch,feat
0678-Fix-incorrect-message-for-outdated-client.patch,fix,spigot
0679-Don-t-apply-cramming-damage-to-players.patch,feat
0680-Rate-options-and-timings-for-sensors-and-behaviors.patch,feat
0681-Add-a-bunch-of-missing-forceDrop-toggles.patch,fix,spigot
0682-Stinger-API.patch,api
0683-Fix-incosistency-issue-with-empty-map-items-in-CB.patch,spigot
0684-Add-System.out-err-catcher.patch,feat
0685-Fix-test-not-bootstrapping.patch,fix,feat
0686-Rewrite-LogEvents-to-contain-the-source-jars-in-stac.patch,api
0687-Improve-boat-collision-performance.patch,perf
0688-Prevent-AFK-kick-while-watching-end-credits.patch,fix
0689-Allow-skipping-writing-of-comments-to-server.propert.patch,feat
0690-Add-PlayerSetSpawnEvent.patch,api
0691-Make-hoppers-respect-inventory-max-stack-size.patch,fix
0692-Optimize-entity-tracker-passenger-checks.patch,perf
0693-Config-option-for-Piglins-guarding-chests.patch,feat
0694-Added-EntityDamageItemEvent.patch,api
0695-Optimize-indirect-passenger-iteration.patch,perf
0696-Fix-block-drops-position-losing-precision-millions-o.patch,fix
0697-Configurable-item-frame-map-cursor-update-interval.patch,feat
0698-Make-EntityUnleashEvent-cancellable.patch,api
0699-Clear-bucket-NBT-after-dispense.patch,fix,sec
0700-Change-EnderEye-target-without-changing-other-things.patch,api
0701-Add-BlockBreakBlockEvent.patch,api
0702-Option-to-prevent-NBT-copy-in-smithing-recipes.patch,feat
0703-More-CommandBlock-API.patch,api
0704-Add-missing-team-sidebar-display-slots.patch,spigot
0705-Add-back-EntityPortalExitEvent.patch,api
0706-Add-methods-to-find-targets-for-lightning-strikes.patch,api
0707-Get-entity-default-attributes.patch,api
0708-Left-handed-API.patch,api
0709-Add-advancement-display-API.patch,api
0710-Add-ItemFactory-getMonsterEgg-API.patch,api
0711-Add-critical-damage-API.patch,api
0712-Fix-issues-with-mob-conversion.patch,fix
0713-Add-isCollidable-methods-to-various-places.patch,api
0714-Goat-ram-API.patch,api
0715-Add-API-for-resetting-a-single-score.patch,api
0716-Add-Raw-Byte-Entity-Serialization.patch,api
0717-Vanilla-command-permission-fixes.patch,fix
0718-Make-CallbackExecutor-strict-again.patch,spigot
0719-Do-not-allow-the-server-to-unload-chunks-at-request-.patch,api,fix
0720-Do-not-run-close-logic-for-inventories-on-chunk-unlo.patch,fix,sec
0721-Correctly-handle-recursion-for-chunkholder-updates.patch,fix,sec
0722-Fix-GameProfileCache-concurrency.patch,fix,sec
0723-Fix-chunks-refusing-to-unload-at-low-TPS.patch,fix
0724-Do-not-allow-ticket-level-changes-while-unloading-pl.patch,fix
0725-Do-not-allow-ticket-level-changes-when-updating-chun.patch,fix
0726-Log-when-the-async-catcher-is-tripped.patch,feat
0727-Add-paper-mobcaps-and-paper-playermobcaps.patch,feat
0728-Prevent-unload-calls-removing-tickets-for-sync-loads.patch,fix
0729-Sanitize-ResourceLocation-error-logging.patch,sec
0730-Allow-controlled-flushing-for-network-manager.patch,perf
0731-Optimise-general-POI-access.patch,perf
0732-Add-more-async-catchers.patch,feat
0733-Rewrite-entity-bounding-box-lookup-calls.patch,perf
0734-Optimise-chunk-tick-iteration.patch,perf
0735-Execute-chunk-tasks-mid-tick.patch,perf
0736-Do-not-copy-visible-chunks.patch,perf
0737-Attempt-to-recalculate-regionfile-header-if-it-is-co.patch,fix
0738-Custom-table-implementation-for-blockstate-state-loo.patch,perf
0739-Detail-more-information-in-watchdog-dumps.patch,feat
0740-Manually-inline-methods-in-BlockPosition.patch,perf
0741-Distance-manager-tick-timings.patch,feat
0742-Name-craft-scheduler-threads-according-to-the-plugin.patch,api
0743-Make-sure-inlined-getChunkAt-has-inlined-logic-for-l.patch,perf
0744-Add-packet-limiter-config.patch,feat
0745-Use-correct-LevelStem-registry-when-loading-default-.patch,fix,spigot
0746-Don-t-read-neighbour-chunk-data-off-disk-when-conver.patch,spigot
0747-Consolidate-flush-calls-for-entity-tracker-packets.patch,perf
0748-Don-t-lookup-fluid-state-when-raytracing.patch,perf
0749-Time-scoreboard-search.patch,api,perf
0750-Send-full-pos-packets-for-hard-colliding-entities.patch,fix
0751-Do-not-run-raytrace-logic-for-AIR.patch,perf
0752-Oprimise-map-impl-for-tracked-players.patch,perf
0753-Optimise-BlockSoil-nearby-water-lookup.patch,perf
0754-Allow-removal-addition-of-entities-to-entity-ticklis.patch,perf,fix
0755-Optimise-random-block-ticking.patch,perf
0756-Optimise-non-flush-packet-sending.patch,perf
0757-Optimise-nearby-player-lookups.patch,perf
0758-Optimise-WorldServer-notify.patch,perf
0759-Remove-streams-for-villager-AI.patch,perf
0760-Rewrite-dataconverter-system.patch,perf
0761-Use-Velocity-compression-and-cipher-natives.patch,perf
0762-Reduce-worldgen-thread-worker-count-for-low-core-cou.patch,perf
0763-Do-not-process-entity-loads-in-CraftChunk-getEntitie.patch,fix,spigot
0764-Async-catch-modifications-to-critical-entity-state.patch,feat
0765-Fix-Bukkit-NamespacedKey-shenanigans.patch,spigot
0766-Fix-merchant-inventory-not-closing-on-entity-removal.patch,sec
0767-Check-requirement-before-suggesting-root-nodes.patch,sec
0768-Don-t-respond-to-ServerboundCommandSuggestionPacket-.patch,fix
0769-Fix-setPatternColor-on-tropical-fish-bucket-meta.patch,api
0770-Ensure-valid-vehicle-status.patch,sec
0771-Prevent-softlocked-end-exit-portal-generation.patch,fix
0772-Fix-CocaoDecorator-causing-a-crash-when-trying-to-ge.patch,sec
0773-Don-t-log-debug-logging-being-disabled.patch,spigot
0774-fix-various-menus-with-empty-level-accesses.patch,api,fix
0775-Do-not-overload-I-O-threads-with-chunk-data-while-fl.patch,perf
0776-Preserve-overstacked-loot.patch,fix
0777-Update-head-rotation-in-missing-places.patch,fix,spigot
0778-prevent-unintended-light-block-manipulation.patch,sec
0779-Fix-CraftCriteria-defaults-map.patch,fix,spigot
0780-Fix-upstreams-block-state-factories.patch,spigot
0781-Add-config-option-for-logging-player-ip-addresses.patch,feat
0782-Configurable-feature-seeds.patch,feat
0783-VanillaCommandWrapper-didnt-account-for-entity-sende.patch,fix,spigot
0784-Add-root-admin-user-detection.patch,sec
0785-Always-allow-item-changing-in-Fireball.patch,feat
0786-don-t-attempt-to-teleport-dead-entities.patch,sec
0787-Prevent-excessive-velocity-through-repeated-crits.patch,sec
0788-Remove-client-side-code-using-deprecated-for-removal.patch,fix
0789-Rewrite-the-light-engine.patch,perf,sec
0790-Always-parse-protochunk-light-sources-unless-it-is-m.patch,perf
0791-Fix-removing-recipes-from-RecipeIterator.patch,fix,spigot
0792-Prevent-sending-oversized-item-data-in-equipment-and.patch,sec
0793-Hide-unnecessary-itemmeta-from-clients.patch,feat,sec
0794-Fix-kelp-modifier-changing-growth-for-other-crops.patch,feat,spigot
0795-Prevent-ContainerOpenersCounter-openCount-from-going.patch,sec
0796-Add-PlayerItemFrameChangeEvent.patch,api
0797-Add-player-health-update-API.patch,api
0798-Optimize-HashMapPalette.patch,perf
0799-Allow-delegation-to-vanilla-chunk-gen.patch,api
0800-Highly-optimise-single-and-multi-AABB-VoxelShapes-an.patch,perf
0801-Optimise-collision-checking-in-player-move-packet-ha.patch,perf
0802-Actually-unload-POI-data.patch,sec
0803-Fix-ChunkSnapshot-isSectionEmpty-int-and-optimize-Pa.patch,perf,spigot
0804-Update-Log4j.patch,sec
0805-Add-more-Campfire-API.patch,api
0806-Only-write-chunk-data-to-disk-if-it-serializes-witho.patch,sec
0807-Fix-tripwire-state-inconsistency.patch,fix
0808-Fix-fluid-logging-on-Block-breakNaturally.patch,spigot
0809-Forward-CraftEntity-in-teleport-command.patch,spigot
0810-Improve-scoreboard-entries.patch,spigot
0811-Entity-powdered-snow-API.patch,api
0812-Add-API-for-item-entity-health.patch,api
0813-Fix-entity-type-tags-suggestions-in-selectors.patch,fix
0814-Configurable-max-block-light-for-monster-spawning.patch,feat
0815-Fix-sticky-pistons-and-BlockPistonRetractEvent.patch,api
0816-Load-effect-amplifiers-greater-than-127-correctly.patch,fix
0817-Expose-isFuel-and-canSmelt-methods-to-FurnaceInvento.patch,api
0818-Fix-bees-aging-inside-hives.patch,spigot
0819-Bucketable-API.patch,api
0820-Check-player-world-in-endPortalSoundRadius.patch,spigot
0821-Validate-usernames.patch,sec
0822-Fix-saving-configs-with-more-long-comments.patch,spigot
0823-Make-water-animal-spawn-height-configurable.patch,feat
0824-Expose-vanilla-BiomeProvider-from-WorldInfo.patch,api
0825-Add-config-option-for-worlds-affected-by-time-cmd.patch,feat
0826-Add-new-overload-to-PersistentDataContainer-has.patch,api
0827-Multiple-Entries-with-Scoreboards.patch,api
0828-Reset-placed-block-on-exception.patch,sec
0829-Add-configurable-height-for-slime-spawn.patch,feat
0830-Added-getHostname-to-AsyncPlayerPreLoginEvent.patch,api
0831-Fix-xp-reward-for-baby-zombies.patch,spigot
0832-Kick-on-main-for-illegal-chat.patch,api
0833-Multi-Block-Change-API-Implementation.patch,api
0834-Fix-NotePlayEvent.patch,api
0835-Freeze-Tick-Lock-API.patch,api
0836-Dolphin-API.patch,api
0837-More-PotionEffectType-API.patch,api
0838-Use-a-CHM-for-StructureTemplate.Pallete-cache.patch,sec
0839-API-for-creating-command-sender-which-forwards-feedb.patch,api
0840-Add-config-for-stronghold-seed.patch,feat
0841-Implement-regenerateChunk.patch,api
0842-Fix-cancelled-powdered-snow-bucket-placement.patch,api
0843-Add-missing-Validate-calls-to-CraftServer-getSpawnLi.patch,api
0844-Add-GameEvent-tags.patch,api
0845-Execute-chunk-tasks-fairly-for-worlds-while-waiting-.patch,perf
0846-Replace-ticket-level-propagator.patch,perf
0847-Furnace-RecipesUsed-API.patch,api
0848-Configurable-sculk-sensor-listener-range.patch,feat
0849-Add-missing-block-data-mins-and-maxes.patch,spigot
0850-Option-to-have-default-CustomSpawners-in-custom-worl.patch,feat
0851-Put-world-into-worldlist-before-initing-the-world.patch,spigot
0852-Fix-Entity-Position-Desync.patch,fix
0853-Custom-Potion-Mixes.patch,api
0854-Replace-player-chunk-loader-system.patch,perf,feat
0855-Fix-Fluid-tags-isTagged-method.patch,spigot
0856-Force-close-world-loading-screen.patch,fix
0857-Fix-falling-block-spawn-methods.patch,api
0858-Expose-furnace-minecart-push-values.patch,api
0859-Fix-cancelling-ProjectileHitEvent-for-piercing-arrow.patch,api
0860-Fix-save-problems-on-shutdown.patch,sec
0861-More-Projectile-API.patch,api
0862-Fix-swamp-hut-cat-generation-deadlock.patch,sec
0863-Don-t-allow-vehicle-movement-from-players-while-tele.patch,sec
0864-Implement-getComputedBiome-API.patch,api
0865-Make-some-itemstacks-nonnull.patch,api
0866-Add-debug-for-invalid-GameProfiles-on-skull-blocks-i.patch,feat
0867-Implement-enchantWithLevels-API.patch,api
0868-Fix-saving-in-unloadWorld.patch,api
0869-Buffer-OOB-setBlock-calls.patch,fix
0870-Add-TameableDeathMessageEvent.patch,api
0871-Fix-new-block-data-for-EntityChangeBlockEvent-when-s.patch,api
0872-fix-player-loottables-running-when-mob-loot-gamerule.patch,fix
0873-Ensure-entity-passenger-world-matches-ridden-entity.patch,api
0874-Guard-against-invalid-entity-positions.patch,sec
0875-cache-resource-keys.patch,perf,spigot
0876-Allow-to-change-the-podium-for-the-EnderDragon.patch,api
0877-Fix-NBT-pieces-overriding-a-block-entity-during-worl.patch,sec
0878-Fix-StructureGrowEvent-species-for-RED_MUSHROOM.patch,api
0879-Prevent-tile-entity-copies-loading-chunks.patch,sec
0880-Use-username-instead-of-display-name-in-PlayerList-g.patch,api
0881-Fix-slime-spawners-not-spawning-outside-slime-chunks.patch,fix
0882-Pass-ServerLevel-for-gamerule-callbacks.patch,api
0883-Add-pre-unbreaking-amount-to-PlayerItemDamageEvent.patch,api
0884-WorldCreator-keepSpawnLoaded.patch,api
0885-Fix-NPE-for-BlockDataMeta-getBlockData.patch,spigot
0886-Trigger-bee_nest_destroyed-trigger-in-the-correct-pl.patch,fix
0887-Add-EntityDyeEvent-and-CollarColorable-interface.patch,api
0888-Fire-CauldronLevelChange-on-initial-fill.patch,api
0889-fix-powder-snow-cauldrons-not-turning-to-water.patch,fix
0890-Add-PlayerStopUsingItemEvent.patch,api
0891-FallingBlock-auto-expire-setting.patch,feat
0892-Don-t-tick-markers.patch,fix,spigot
0893-Do-not-accept-invalid-client-settings.patch,sec
0894-Add-support-for-Proxy-Protocol.patch,feat
0895-Fix-OfflinePlayer-getBedSpawnLocation.patch,api
0896-Fix-FurnaceInventory-for-smokers-and-blast-furnaces.patch,api
0897-Sanitize-Sent-BlockEntity-NBT.patch,sec,spigot
0898-Prevent-entity-loading-causing-async-lookups.patch,sec
0899-Disable-component-selector-resolving-in-books-by-def.patch,sec
0900-Throw-exception-on-world-create-while-being-ticked.patch,fix,spigot
0901-Add-Alternate-Current-redstone-implementation.patch,perf
0902-Dont-resent-entity-on-art-update.patch,fix,spigot
0903-Add-missing-spawn-eggs.patch,api
0904-Add-WardenAngerChangeEvent.patch,api
0905-Add-option-for-strict-advancement-dimension-checks.patch,spigot
0906-Add-missing-important-BlockStateListPopulator-method.patch,spigot
0907-Nameable-Banner-API.patch,api
0908-Don-t-broadcast-messages-to-command-blocks.patch,sec,spigot
0909-Prevent-empty-items-from-being-added-to-world.patch,fix
0910-Fix-CCE-for-SplashPotion-and-LingeringPotion-spawnin.patch,spigot
0911-Don-t-print-component-in-resource-pack-rejection-mes.patch,fix
0912-Add-Player-getFishHook.patch,api
0913-Do-not-sync-load-chunk-for-dynamic-game-event-listen.patch,sec
0914-Add-various-missing-EntityDropItemEvent-calls.patch,api
0915-Add-some-minimal-debug-information-to-chat-packet-er.patch,feat
0916-Fix-Bee-flower-NPE.patch,sec,spigot
0917-Fix-Spigot-Config-not-using-commands.spam-exclusions.patch,spigot
0918-Add-SpawnReason-to-Tadpoles-spawned-by-Frogspawn.patch,api
0919-More-Teleport-API.patch,api
0920-Add-EntityPortalReadyEvent.patch,api
0921-Don-t-use-level-random-in-entity-constructors.patch,sec
0922-Send-block-entities-after-destroy-prediction.patch,api
0923-Warn-on-plugins-accessing-faraway-chunks.patch,api,feat
0924-Custom-Chat-Completion-Suggestions-API.patch,api
0925-Add-missing-BlockFadeEvents.patch,api
0926-Collision-API.patch,api
0927-Fix-suggest-command-message-for-brigadier-syntax-exc.patch,spigot
0928-Fix-command-preprocess-cancelling-and-command-changi.patch,api
0929-Remove-invalid-signature-login-stacktrace.patch,sec
0930-Add-async-catcher-to-PlayerConnection-internalTelepo.patch,feat
0931-Block-Ticking-API.patch,api
0932-Add-Velocity-IP-Forwarding-Support.patch,feat
0933-Use-thread-safe-random-in-ServerLoginPacketListenerI.patch,sec
0934-Add-NamespacedKey-biome-methods.patch,api
